{"main":"api.raml","name":"mule-customer-sap-exceedra-db-papi","organizationId":"3c6efc31-7c0e-4f89-86f3-d890571b4e48","groupId":"3c6efc31-7c0e-4f89-86f3-d890571b4e48","assetId":"mule-customer-sap-exceedra-db-papi","version":"1.0.5","metadata":{"branchId":"v1.0.3","commitId":"321967af3269eda168bd12e0f49724ac36507768","projectId":"af7a2519-eb8f-4558-9fd1-b4fa734d7a2d"},"apiVersion":"v1.0","classifier":"raml","dependencies":[{"assetId":"standard-security-traits","groupId":"1674d8b0-3a4f-4bfb-8c70-89641e023735","version":"1.0.0"},{"assetId":"standard-responses","groupId":"1674d8b0-3a4f-4bfb-8c70-89641e023735","version":"1.0.1"},{"assetId":"data-model-fragment-template","groupId":"1674d8b0-3a4f-4bfb-8c70-89641e023735","version":"1.0.0"},{"assetId":"standard-errors","groupId":"1674d8b0-3a4f-4bfb-8c70-89641e023735","version":"1.0.0"},{"assetId":"data-management-operations","groupId":"1674d8b0-3a4f-4bfb-8c70-89641e023735","version":"1.0.1"},{"assetId":"customerdatatypes","groupId":"3c6efc31-7c0e-4f89-86f3-d890571b4e48","version":"1.0.7"}],"tags":[],"originalFormatVersion":"1.0"}